﻿任课教师,课程名称,上  课  时  间,,,,
,,,,,,
廖汉腾,网页设计与制作,周四2-5/周四8-11,,,,
,信息可视化设计,周五1-3/周五4-5、8,,,,
,,,,,,
杨正昱,摄像基础,周一8-10,,,,
,矢量图形设计,周二8-9,,,,
,报纸编辑学,周一2-5/周二2-5,,,,
,电视摄像艺术,周二8-11,,,,
,,,,,,
温灵,摄像基础,周一8-10/周四4-5/周四10-12,,,,
,,,,,,
赵景,媒介经济学,周三1-2,,,,
,,,,,,
熊科伟,媒介素养导论,周三4-5/周三8-9,,,,
,,,,,,
李克和,中国古代文学史（三）,周四2-5/周五2-5,,,,
,,,,,,
肖贤彬,古代汉语（上）,周一3-5/周一10-12,,,,
,,,,,,
孟璐,基础写作,周二1-3,,,,
,,,,,,
罗旻,金庸研究,周三8-10,,,,
,,,,,,
罗希,广告文案写作,周四10-12,,,,
,中外广告赏析,周三10-11,,,,
,,,,,,
方婉祯,美学与生活,周四12-14,,,,
,,,,,,
梅晓云,中西文化概论,周三4-5,,,,
,,,,,,
黄龄仪,网络传播学,周五4-5/周四8-9,,,,
,,,,,,
杨珂,电视摄像艺术,周二8-11,,,,
,非线性编辑（上）,周一8-9/周一10-11/周三4-5,,,,
,,,,,,
罗娟,广告心理学,周三4-5,,,,
,,,,,,
杨萍,深度报道策划与写作,周三4-5,,,,
,,,,,,
艾民伟,纪录片赏析,周四12-13,,,,
